DTS,Downstream 1,Downstream 2,Downstream 3,Downstream 4,Downstream 5,Downstream 6,Downstream 7,Downstream 8
2013-08-13 18:54:00,579.00,561.00,567.00,573.00,555.00,537.00,543.00,549.00
2013-08-13 19:24:00,579.00,561.00,567.00,573.00,555.00,537.00,543.00,549.00
2013-08-13 19:54:00,579.00,561.00,567.00,573.00,555.00,537.00,543.00,549.00
2013-08-13 20:24:00,579.00,561.00,567.00,573.00,555.00,537.00,543.00,549.00
2013-08-13 20:54:00,579.00,561.00,567.00,573.00,555.00,537.00,543.00,549.00
2013-08-13 21:24:00,579.00,561.00,567.00,573.00,555.00,537.00,543.00,549.00
2013-08-13 21:54:00,579.00,561.00,567.00,573.00,555.00,537.00,543.00,549.00
2013-08-13 22:24:00,579.00,561.00,567.00,573.00,555.00,537.00,543.00,549.00
2013-08-13 22:54:00,579.00,561.00,567.00,573.00,555.00,537.00,543.00,549.00
2013-08-13 23:24:00,579.00,561.00,567.00,573.00,555.00,537.00,543.00,549.00
2013-08-13 23:54:00,579.00,561.00,567.00,573.00,555.00,537.00,543.00,549.00
2013-08-14 00:24:00,579.00,561.00,567.00,573.00,555.00,537.00,543.00,549.00
2013-08-14 00:54:00,579.00,561.00,567.00,573.00,555.00,537.00,543.00,549.00
2013-08-14 01:24:00,579.00,561.00,567.00,573.00,555.00,537.00,543.00,549.00
2013-08-14 01:54:00,579.00,561.00,567.00,573.00,555.00,537.00,543.00,549.00
2013-08-14 02:24:00,579.00,561.00,567.00,573.00,555.00,537.00,543.00,549.00
2013-08-14 02:54:00,579.00,561.00,567.00,573.00,555.00,537.00,543.00,549.00
2013-08-14 03:24:00,579.00,561.00,567.00,573.00,555.00,537.00,543.00,549.00
2013-08-14 03:54:00,579.00,561.00,567.00,573.00,555.00,537.00,543.00,549.00
2013-08-14 04:24:00,579.00,561.00,567.00,573.00,555.00,537.00,543.00,549.00
2013-08-14 04:54:00,579.00,561.00,567.00,573.00,555.00,537.00,543.00,549.00
2013-08-14 05:24:00,579.00,561.00,567.00,573.00,555.00,537.00,543.00,549.00
2013-08-14 05:54:00,579.00,561.00,567.00,573.00,555.00,537.00,543.00,549.00
2013-08-14 06:24:00,579.00,561.00,567.00,573.00,555.00,537.00,543.00,549.00
2013-08-14 06:54:00,579.00,561.00,567.00,573.00,555.00,537.00,543.00,549.00
2013-08-14 07:24:00,579.00,561.00,567.00,573.00,555.00,537.00,543.00,549.00
2013-08-14 07:54:00,579.00,561.00,567.00,573.00,555.00,537.00,543.00,549.00
2013-08-14 08:24:00,579.00,561.00,567.00,573.00,555.00,537.00,543.00,549.00
2013-08-14 08:54:00,579.00,561.00,567.00,573.00,555.00,537.00,543.00,549.00
2013-08-14 09:24:00,579.00,561.00,567.00,573.00,555.00,537.00,543.00,549.00
2013-08-14 09:54:00,579.00,561.00,567.00,573.00,555.00,537.00,543.00,549.00
2013-08-14 10:24:00,579.00,561.00,567.00,573.00,555.00,537.00,543.00,549.00
2013-08-14 10:54:00,579.00,561.00,567.00,573.00,555.00,537.00,543.00,549.00
2013-08-14 11:24:00,579.00,561.00,567.00,573.00,555.00,537.00,543.00,549.00
2013-08-14 11:54:00,579.00,561.00,567.00,573.00,555.00,537.00,543.00,549.00
2013-08-14 12:24:00,579.00,561.00,567.00,573.00,555.00,537.00,543.00,549.00
2013-08-14 12:54:00,579.00,561.00,567.00,573.00,555.00,537.00,543.00,549.00
2013-08-14 13:24:00,579.00,561.00,567.00,573.00,555.00,537.00,543.00,549.00
2013-08-14 13:54:00,579.00,561.00,567.00,573.00,555.00,537.00,543.00,549.00
2013-08-14 14:24:00,579.00,561.00,567.00,573.00,555.00,537.00,543.00,549.00
2013-08-14 14:54:00,579.00,561.00,567.00,573.00,555.00,537.00,543.00,549.00
2013-08-14 15:24:00,579.00,561.00,567.00,573.00,555.00,537.00,543.00,549.00
2013-08-14 15:54:00,579.00,561.00,567.00,573.00,555.00,537.00,543.00,549.00
2013-08-14 16:24:00,579.00,561.00,567.00,573.00,555.00,537.00,543.00,549.00
2013-08-14 16:54:00,579.00,561.00,567.00,573.00,555.00,537.00,543.00,549.00
2013-08-14 17:24:00,579.00,561.00,567.00,573.00,555.00,537.00,543.00,549.00
2013-08-14 17:54:00,579.00,561.00,567.00,573.00,555.00,537.00,543.00,549.00
2013-08-14 18:24:00,579.00,561.00,567.00,573.00,555.00,537.00,543.00,549.00
2013-08-14 18:54:00,579.00,561.00,567.00,573.00,555.00,537.00,543.00,549.00
2013-08-14 19:24:00,579.00,561.00,567.00,573.00,555.00,537.00,543.00,549.00
2013-08-14 19:54:00,579.00,561.00,567.00,573.00,555.00,537.00,543.00,549.00
2013-08-14 20:24:00,579.00,561.00,567.00,573.00,555.00,537.00,543.00,549.00
2013-08-14 20:54:00,579.00,561.00,567.00,573.00,555.00,537.00,543.00,549.00
2013-08-14 21:24:00,579.00,561.00,567.00,573.00,555.00,537.00,543.00,549.00
2013-08-14 21:54:00,579.00,561.00,567.00,573.00,555.00,537.00,543.00,549.00
2013-08-14 22:24:00,579.00,561.00,567.00,573.00,555.00,537.00,543.00,549.00
2013-08-14 22:54:00,579.00,561.00,567.00,573.00,555.00,537.00,543.00,549.00
2013-08-14 23:24:00,579.00,561.00,567.00,573.00,555.00,537.00,543.00,549.00
2013-08-14 23:54:00,579.00,561.00,567.00,573.00,555.00,537.00,543.00,549.00
2013-08-15 00:24:00,579.00,561.00,567.00,573.00,555.00,537.00,543.00,549.00
2013-08-15 00:54:00,579.00,561.00,567.00,573.00,555.00,537.00,543.00,549.00
2013-08-15 01:24:00,579.00,561.00,567.00,573.00,555.00,537.00,543.00,549.00
2013-08-15 01:54:00,579.00,561.00,567.00,573.00,555.00,537.00,543.00,549.00
2013-08-15 02:24:00,579.00,561.00,567.00,573.00,555.00,537.00,543.00,549.00
2013-08-15 02:54:00,579.00,561.00,567.00,573.00,555.00,537.00,543.00,549.00
2013-08-15 03:24:00,579.00,561.00,567.00,573.00,555.00,537.00,543.00,549.00
2013-08-15 03:54:00,579.00,561.00,567.00,573.00,555.00,537.00,543.00,549.00
2013-08-15 04:24:00,579.00,561.00,567.00,573.00,555.00,537.00,543.00,549.00
2013-08-15 04:54:00,579.00,561.00,567.00,573.00,555.00,537.00,543.00,549.00
2013-08-15 05:24:00,579.00,561.00,567.00,573.00,555.00,537.00,543.00,549.00
2013-08-15 05:54:00,579.00,561.00,567.00,573.00,555.00,537.00,543.00,549.00
2013-08-15 06:24:00,579.00,561.00,567.00,573.00,555.00,537.00,543.00,549.00
2013-08-15 06:54:00,579.00,561.00,567.00,573.00,555.00,537.00,543.00,549.00
2013-08-15 07:24:00,579.00,561.00,567.00,573.00,555.00,537.00,543.00,549.00
2013-08-15 07:54:00,579.00,561.00,567.00,573.00,555.00,537.00,543.00,549.00
2013-08-15 08:24:00,579.00,561.00,567.00,573.00,555.00,537.00,543.00,549.00
2013-08-15 08:54:00,579.00,561.00,567.00,573.00,555.00,537.00,543.00,549.00
2013-08-15 09:24:00,579.00,561.00,567.00,573.00,555.00,537.00,543.00,549.00
2013-08-15 09:54:00,579.00,561.00,567.00,573.00,555.00,537.00,543.00,549.00
2013-08-15 10:24:00,579.00,561.00,567.00,573.00,555.00,537.00,543.00,549.00
2013-08-15 10:54:00,579.00,561.00,567.00,573.00,555.00,537.00,543.00,549.00
2013-08-15 11:24:00,579.00,561.00,567.00,573.00,555.00,537.00,543.00,549.00
2013-08-15 11:54:00,579.00,561.00,567.00,573.00,555.00,537.00,543.00,549.00
2013-08-15 12:24:00,579.00,561.00,567.00,573.00,555.00,537.00,543.00,549.00
2013-08-15 12:54:00,579.00,561.00,567.00,573.00,555.00,537.00,543.00,549.00
2013-08-15 13:24:00,579.00,561.00,567.00,573.00,555.00,537.00,543.00,549.00
2013-08-15 13:54:00,579.00,561.00,567.00,573.00,555.00,537.00,543.00,549.00
2013-08-15 14:24:00,579.00,561.00,567.00,573.00,555.00,537.00,543.00,549.00
2013-08-15 14:54:00,579.00,561.00,567.00,573.00,555.00,537.00,543.00,549.00
2013-08-15 15:24:00,579.00,561.00,567.00,573.00,555.00,537.00,543.00,549.00
2013-08-15 15:54:00,579.00,561.00,567.00,573.00,555.00,537.00,543.00,549.00
2013-08-15 16:24:00,579.00,561.00,567.00,573.00,555.00,537.00,543.00,549.00
2013-08-15 16:54:00,579.00,561.00,567.00,573.00,555.00,537.00,543.00,549.00
2013-08-15 17:24:00,579.00,561.00,567.00,573.00,555.00,537.00,543.00,549.00
2013-08-15 17:54:00,579.00,561.00,567.00,573.00,555.00,537.00,543.00,549.00
2013-08-15 18:24:00,579.00,561.00,567.00,573.00,555.00,537.00,543.00,549.00
2013-08-15 18:54:00,579.00,561.00,567.00,573.00,555.00,537.00,543.00,549.00
2013-08-15 19:24:00,579.00,561.00,567.00,573.00,555.00,537.00,543.00,549.00
2013-08-15 19:54:00,579.00,561.00,567.00,573.00,555.00,537.00,543.00,549.00
2013-08-15 20:24:00,579.00,561.00,567.00,573.00,555.00,537.00,543.00,549.00
2013-08-15 20:54:00,579.00,561.00,567.00,573.00,555.00,537.00,543.00,549.00
2013-08-15 21:24:00,579.00,561.00,567.00,573.00,555.00,537.00,543.00,549.00
2013-08-15 21:54:00,579.00,561.00,567.00,573.00,555.00,537.00,543.00,549.00
2013-08-15 22:24:00,579.00,561.00,567.00,573.00,555.00,537.00,543.00,549.00
2013-08-15 22:54:00,579.00,561.00,567.00,573.00,555.00,537.00,543.00,549.00
2013-08-15 23:24:00,579.00,561.00,567.00,573.00,555.00,537.00,543.00,549.00
2013-08-15 23:54:00,579.00,561.00,567.00,573.00,555.00,537.00,543.00,549.00
2013-08-16 00:24:00,579.00,561.00,567.00,573.00,555.00,537.00,543.00,549.00
2013-08-16 00:54:00,579.00,561.00,567.00,573.00,555.00,537.00,543.00,549.00
2013-08-16 01:24:00,579.00,561.00,567.00,573.00,555.00,537.00,543.00,549.00
2013-08-16 01:54:00,579.00,561.00,567.00,573.00,555.00,537.00,543.00,549.00
2013-08-16 02:24:00,579.00,561.00,567.00,573.00,555.00,537.00,543.00,549.00
2013-08-16 02:54:00,579.00,561.00,567.00,573.00,555.00,537.00,543.00,549.00
2013-08-16 03:24:00,579.00,561.00,567.00,573.00,555.00,537.00,543.00,549.00
2013-08-16 03:54:00,579.00,561.00,567.00,573.00,555.00,537.00,543.00,549.00
2013-08-16 04:24:00,579.00,561.00,567.00,573.00,555.00,537.00,543.00,549.00
2013-08-16 04:54:00,579.00,561.00,567.00,573.00,555.00,537.00,543.00,549.00
2013-08-16 05:24:00,579.00,561.00,567.00,573.00,555.00,537.00,543.00,549.00
2013-08-16 05:54:00,579.00,561.00,567.00,573.00,555.00,537.00,543.00,549.00
2013-08-16 06:24:00,579.00,561.00,567.00,573.00,555.00,537.00,543.00,549.00
2013-08-16 06:54:00,579.00,561.00,567.00,573.00,555.00,537.00,543.00,549.00
2013-08-16 07:24:00,579.00,561.00,567.00,573.00,555.00,537.00,543.00,549.00
2013-08-16 07:54:00,579.00,561.00,567.00,573.00,555.00,537.00,543.00,549.00
2013-08-16 08:24:00,579.00,561.00,567.00,573.00,555.00,537.00,543.00,549.00
2013-08-16 08:54:00,579.00,561.00,567.00,573.00,555.00,537.00,543.00,549.00
2013-08-16 09:24:00,579.00,561.00,567.00,573.00,555.00,537.00,543.00,549.00
2013-08-16 09:54:00,579.00,561.00,567.00,573.00,555.00,537.00,543.00,549.00
2013-08-16 10:24:00,579.00,561.00,567.00,573.00,555.00,537.00,543.00,549.00
2013-08-16 10:54:00,579.00,561.00,567.00,573.00,555.00,537.00,543.00,549.00
2013-08-16 11:24:00,579.00,561.00,567.00,573.00,555.00,537.00,543.00,549.00
2013-08-16 11:54:00,579.00,561.00,567.00,573.00,555.00,537.00,543.00,549.00
2013-08-16 12:24:00,579.00,561.00,567.00,573.00,555.00,537.00,543.00,549.00
2013-08-16 12:54:00,579.00,561.00,567.00,573.00,555.00,537.00,543.00,549.00
2013-08-16 13:24:00,579.00,561.00,567.00,573.00,555.00,537.00,543.00,549.00
2013-08-16 13:54:00,579.00,561.00,567.00,573.00,555.00,537.00,543.00,549.00
2013-08-16 14:24:00,579.00,561.00,567.00,573.00,555.00,537.00,543.00,549.00
2013-08-16 14:54:00,579.00,561.00,567.00,573.00,555.00,537.00,543.00,549.00
2013-08-16 15:24:00,579.00,561.00,567.00,573.00,555.00,537.00,543.00,549.00
2013-08-16 15:54:00,579.00,561.00,567.00,573.00,555.00,537.00,543.00,549.00
2013-08-16 16:24:00,579.00,561.00,567.00,573.00,555.00,537.00,543.00,549.00
2013-08-16 16:54:00,579.00,561.00,567.00,573.00,555.00,537.00,543.00,549.00
2013-08-16 17:24:00,579.00,561.00,567.00,573.00,555.00,537.00,543.00,549.00
2013-08-16 17:54:00,579.00,561.00,567.00,573.00,555.00,537.00,543.00,549.00
2013-08-16 18:24:00,579.00,561.00,567.00,573.00,555.00,537.00,543.00,549.00
2013-08-16 18:54:00,579.00,561.00,567.00,573.00,555.00,537.00,543.00,549.00
2013-08-16 19:24:00,579.00,561.00,567.00,573.00,555.00,537.00,543.00,549.00
2013-08-16 19:54:00,579.00,561.00,567.00,573.00,555.00,537.00,543.00,549.00
2013-08-16 20:24:00,579.00,561.00,567.00,573.00,555.00,537.00,543.00,549.00
2013-08-16 20:54:00,579.00,561.00,567.00,573.00,555.00,537.00,543.00,549.00
2013-08-16 21:24:00,579.00,561.00,567.00,573.00,555.00,537.00,543.00,549.00
2013-08-16 21:54:00,579.00,561.00,567.00,573.00,555.00,537.00,543.00,549.00
2013-08-16 22:24:00,579.00,561.00,567.00,573.00,555.00,537.00,543.00,549.00
2013-08-16 22:54:00,579.00,561.00,567.00,573.00,555.00,537.00,543.00,549.00
2013-08-16 23:24:00,579.00,561.00,567.00,573.00,555.00,537.00,543.00,549.00
2013-08-16 23:54:00,579.00,561.00,567.00,573.00,555.00,537.00,543.00,549.00
2013-08-17 00:24:00,579.00,561.00,567.00,573.00,555.00,537.00,543.00,549.00
2013-08-17 00:54:00,579.00,561.00,567.00,573.00,555.00,537.00,543.00,549.00
2013-08-17 01:24:00,579.00,561.00,567.00,573.00,555.00,537.00,543.00,549.00
2013-08-17 01:54:00,579.00,561.00,567.00,573.00,555.00,537.00,543.00,549.00
2013-08-17 02:24:00,579.00,561.00,567.00,573.00,555.00,537.00,543.00,549.00
2013-08-17 02:54:00,579.00,561.00,567.00,573.00,555.00,537.00,543.00,549.00
2013-08-17 03:24:00,579.00,561.00,567.00,573.00,555.00,537.00,543.00,549.00
2013-08-17 03:54:00,579.00,561.00,567.00,573.00,555.00,537.00,543.00,549.00
2013-08-17 04:24:00,579.00,561.00,567.00,573.00,555.00,537.00,543.00,549.00
2013-08-17 04:54:00,579.00,561.00,567.00,573.00,555.00,537.00,543.00,549.00
2013-08-17 05:24:00,579.00,561.00,567.00,573.00,555.00,537.00,543.00,549.00
2013-08-17 05:54:00,579.00,561.00,567.00,573.00,555.00,537.00,543.00,549.00
2013-08-17 06:24:00,579.00,561.00,567.00,573.00,555.00,537.00,543.00,549.00
2013-08-17 06:54:00,579.00,561.00,567.00,573.00,555.00,537.00,543.00,549.00
2013-08-17 07:24:00,579.00,561.00,567.00,573.00,555.00,537.00,543.00,549.00
2013-08-17 07:54:00,579.00,561.00,567.00,573.00,555.00,537.00,543.00,549.00
2013-08-17 08:24:00,579.00,561.00,567.00,573.00,555.00,537.00,543.00,549.00
2013-08-17 08:54:00,579.00,561.00,567.00,573.00,555.00,537.00,543.00,549.00
2013-08-17 09:24:00,579.00,561.00,567.00,573.00,555.00,537.00,543.00,549.00
2013-08-17 09:54:00,579.00,561.00,567.00,573.00,555.00,537.00,543.00,549.00
2013-08-17 10:24:00,579.00,561.00,567.00,573.00,555.00,537.00,543.00,549.00
2013-08-17 10:54:00,579.00,561.00,567.00,573.00,555.00,537.00,543.00,549.00
2013-08-17 11:24:00,579.00,561.00,567.00,573.00,555.00,537.00,543.00,549.00
2013-08-17 11:54:00,579.00,561.00,567.00,573.00,555.00,537.00,543.00,549.00
2013-08-17 12:24:00,579.00,561.00,567.00,573.00,555.00,537.00,543.00,549.00
2013-08-17 12:54:00,579.00,561.00,567.00,573.00,555.00,537.00,543.00,549.00
2013-08-17 13:24:00,579.00,561.00,567.00,573.00,555.00,537.00,543.00,549.00
2013-08-17 13:54:00,579.00,561.00,567.00,573.00,555.00,537.00,543.00,549.00
2013-08-17 14:24:00,579.00,561.00,567.00,573.00,555.00,537.00,543.00,549.00
2013-08-17 14:54:00,579.00,561.00,567.00,573.00,555.00,537.00,543.00,549.00
2013-08-17 15:24:00,579.00,561.00,567.00,573.00,555.00,537.00,543.00,549.00
2013-08-17 15:54:00,579.00,561.00,567.00,573.00,555.00,537.00,543.00,549.00
2013-08-17 16:24:00,579.00,561.00,567.00,573.00,555.00,537.00,543.00,549.00
2013-08-17 16:54:00,579.00,561.00,567.00,573.00,555.00,537.00,543.00,549.00
2013-08-17 17:24:00,579.00,561.00,567.00,573.00,555.00,537.00,543.00,549.00
2013-08-17 17:54:00,579.00,561.00,567.00,573.00,555.00,537.00,543.00,549.00
2013-08-17 18:24:00,579.00,561.00,567.00,573.00,555.00,537.00,543.00,549.00
2013-08-17 18:54:00,579.00,561.00,567.00,573.00,555.00,537.00,543.00,549.00
2013-08-17 19:24:00,579.00,561.00,567.00,573.00,555.00,537.00,543.00,549.00
2013-08-17 19:54:00,579.00,561.00,567.00,573.00,555.00,537.00,543.00,549.00
2013-08-17 20:24:00,579.00,561.00,567.00,573.00,555.00,537.00,543.00,549.00
2013-08-17 20:54:00,579.00,561.00,567.00,573.00,555.00,537.00,543.00,549.00
2013-08-17 21:24:00,579.00,561.00,567.00,573.00,555.00,537.00,543.00,549.00
2013-08-17 21:54:00,579.00,561.00,567.00,573.00,555.00,537.00,543.00,549.00
2013-08-17 22:24:00,579.00,561.00,567.00,573.00,555.00,537.00,543.00,549.00
2013-08-17 22:54:00,579.00,561.00,567.00,573.00,555.00,537.00,543.00,549.00
2013-08-17 23:24:00,579.00,561.00,567.00,573.00,555.00,537.00,543.00,549.00
2013-08-17 23:54:00,579.00,561.00,567.00,573.00,555.00,537.00,543.00,549.00
2013-08-18 00:24:00,579.00,561.00,567.00,573.00,555.00,537.00,543.00,549.00
2013-08-18 00:54:00,579.00,561.00,567.00,573.00,555.00,537.00,543.00,549.00
2013-08-18 01:24:00,579.00,561.00,567.00,573.00,555.00,537.00,543.00,549.00
2013-08-18 01:54:00,579.00,561.00,567.00,573.00,555.00,537.00,543.00,549.00
2013-08-18 02:24:00,579.00,561.00,567.00,573.00,555.00,537.00,543.00,549.00
2013-08-18 02:54:00,579.00,561.00,567.00,573.00,555.00,537.00,543.00,549.00
2013-08-18 03:24:00,579.00,561.00,567.00,573.00,555.00,537.00,543.00,549.00
2013-08-18 03:54:00,579.00,561.00,567.00,573.00,555.00,537.00,543.00,549.00
2013-08-18 04:24:00,579.00,561.00,567.00,573.00,555.00,537.00,543.00,549.00
2013-08-18 04:54:00,579.00,561.00,567.00,573.00,555.00,537.00,543.00,549.00
2013-08-18 05:24:00,579.00,561.00,567.00,573.00,555.00,537.00,543.00,549.00
2013-08-18 05:54:00,579.00,561.00,567.00,573.00,555.00,537.00,543.00,549.00
2013-08-18 06:24:00,579.00,561.00,567.00,573.00,555.00,537.00,543.00,549.00
2013-08-18 06:54:00,579.00,561.00,567.00,573.00,555.00,537.00,543.00,549.00
2013-08-18 07:24:00,579.00,561.00,567.00,573.00,555.00,537.00,543.00,549.00
2013-08-18 07:54:00,579.00,561.00,567.00,573.00,555.00,537.00,543.00,549.00
2013-08-18 08:24:00,579.00,561.00,567.00,573.00,555.00,537.00,543.00,549.00
2013-08-18 08:54:00,579.00,561.00,567.00,573.00,555.00,537.00,543.00,549.00
2013-08-18 09:24:00,579.00,561.00,567.00,573.00,555.00,537.00,543.00,549.00
2013-08-18 09:54:00,579.00,561.00,567.00,573.00,555.00,537.00,543.00,549.00
2013-08-18 10:24:00,579.00,561.00,567.00,573.00,555.00,537.00,543.00,549.00
2013-08-18 10:54:00,579.00,561.00,567.00,573.00,555.00,537.00,543.00,549.00
2013-08-18 11:24:00,579.00,561.00,567.00,573.00,555.00,537.00,543.00,549.00
2013-08-18 11:54:00,579.00,561.00,567.00,573.00,555.00,537.00,543.00,549.00
2013-08-18 12:24:00,579.00,561.00,567.00,573.00,555.00,537.00,543.00,549.00
2013-08-18 12:54:00,579.00,561.00,567.00,573.00,555.00,537.00,543.00,549.00
2013-08-18 13:24:00,579.00,561.00,567.00,573.00,555.00,537.00,543.00,549.00
2013-08-18 13:54:00,579.00,561.00,567.00,573.00,555.00,537.00,543.00,549.00
2013-08-18 14:24:00,579.00,561.00,567.00,573.00,555.00,537.00,543.00,549.00
2013-08-18 14:54:00,579.00,561.00,567.00,573.00,555.00,537.00,543.00,549.00
2013-08-18 15:24:00,579.00,561.00,567.00,573.00,555.00,537.00,543.00,549.00
2013-08-18 15:54:00,579.00,561.00,567.00,573.00,555.00,537.00,543.00,549.00
2013-08-18 16:24:00,579.00,561.00,567.00,573.00,555.00,537.00,543.00,549.00
2013-08-18 16:54:00,579.00,561.00,567.00,573.00,555.00,537.00,543.00,549.00
2013-08-18 17:24:00,579.00,561.00,567.00,573.00,555.00,537.00,543.00,549.00
2013-08-18 17:54:00,579.00,561.00,567.00,573.00,555.00,537.00,543.00,549.00
2013-08-18 18:24:00,579.00,561.00,567.00,573.00,555.00,537.00,543.00,549.00
2013-08-18 18:54:00,579.00,561.00,567.00,573.00,555.00,537.00,543.00,549.00
2013-08-18 19:24:00,579.00,561.00,567.00,573.00,555.00,537.00,543.00,549.00
2013-08-18 19:54:00,579.00,561.00,567.00,573.00,555.00,537.00,543.00,549.00
2013-08-18 20:24:00,579.00,561.00,567.00,573.00,555.00,537.00,543.00,549.00
2013-08-18 20:54:00,579.00,561.00,567.00,573.00,555.00,537.00,543.00,549.00
2013-08-18 21:24:00,579.00,561.00,567.00,573.00,555.00,537.00,543.00,549.00
2013-08-18 21:54:00,579.00,561.00,567.00,573.00,555.00,537.00,543.00,549.00
2013-08-18 22:24:00,579.00,561.00,567.00,573.00,555.00,537.00,543.00,549.00
2013-08-18 22:54:00,579.00,561.00,567.00,573.00,555.00,537.00,543.00,549.00
2013-08-18 23:24:00,579.00,561.00,567.00,573.00,555.00,537.00,543.00,549.00
2013-08-18 23:54:00,579.00,561.00,567.00,573.00,555.00,537.00,543.00,549.00
2013-08-19 00:24:00,579.00,561.00,567.00,573.00,555.00,537.00,543.00,549.00
2013-08-19 00:54:00,579.00,561.00,567.00,573.00,555.00,537.00,543.00,549.00
2013-08-19 01:24:00,579.00,561.00,567.00,573.00,555.00,537.00,543.00,549.00
2013-08-19 01:54:00,579.00,561.00,567.00,573.00,555.00,537.00,543.00,549.00
2013-08-19 02:24:00,579.00,561.00,567.00,573.00,555.00,537.00,543.00,549.00
2013-08-19 02:54:00,579.00,561.00,567.00,573.00,555.00,537.00,543.00,549.00
2013-08-19 03:24:00,579.00,561.00,567.00,573.00,555.00,537.00,543.00,549.00
2013-08-19 03:54:00,579.00,561.00,567.00,573.00,555.00,537.00,543.00,549.00
2013-08-19 04:24:00,579.00,561.00,567.00,573.00,555.00,537.00,543.00,549.00
2013-08-19 04:54:00,579.00,561.00,567.00,573.00,555.00,537.00,543.00,549.00
2013-08-19 05:24:00,579.00,561.00,567.00,573.00,555.00,537.00,543.00,549.00
2013-08-19 05:54:00,579.00,561.00,567.00,573.00,555.00,537.00,543.00,549.00
2013-08-19 06:24:00,579.00,561.00,567.00,573.00,555.00,537.00,543.00,549.00
2013-08-19 06:54:00,579.00,561.00,567.00,573.00,555.00,537.00,543.00,549.00
2013-08-19 07:24:00,579.00,561.00,567.00,573.00,555.00,537.00,543.00,549.00
2013-08-19 07:54:00,579.00,561.00,567.00,573.00,555.00,537.00,543.00,549.00
2013-08-19 08:24:00,579.00,561.00,567.00,573.00,555.00,537.00,543.00,549.00
2013-08-19 08:54:00,579.00,561.00,567.00,573.00,555.00,537.00,543.00,549.00
2013-08-19 09:24:00,579.00,561.00,567.00,573.00,555.00,537.00,543.00,549.00
2013-08-19 09:54:00,579.00,561.00,567.00,573.00,555.00,537.00,543.00,549.00
2013-08-19 10:24:00,579.00,561.00,567.00,573.00,555.00,537.00,543.00,549.00
2013-08-19 10:54:00,579.00,561.00,567.00,573.00,555.00,537.00,543.00,549.00
2013-08-19 11:24:00,579.00,561.00,567.00,573.00,555.00,537.00,543.00,549.00
2013-08-19 11:54:00,579.00,561.00,567.00,573.00,555.00,537.00,543.00,549.00
2013-08-19 12:24:00,579.00,561.00,567.00,573.00,555.00,537.00,543.00,549.00
2013-08-19 12:54:00,579.00,561.00,567.00,573.00,555.00,537.00,543.00,549.00
2013-08-19 13:24:00,579.00,561.00,567.00,573.00,555.00,537.00,543.00,549.00
2013-08-19 13:54:00,579.00,561.00,567.00,573.00,555.00,537.00,543.00,549.00
2013-08-19 14:24:00,579.00,561.00,567.00,573.00,555.00,537.00,543.00,549.00
2013-08-19 14:54:00,579.00,561.00,567.00,573.00,555.00,537.00,543.00,549.00
2013-08-19 15:24:00,579.00,561.00,567.00,573.00,555.00,537.00,543.00,549.00
2013-08-19 15:54:00,579.00,561.00,567.00,573.00,555.00,537.00,543.00,549.00
2013-08-19 16:24:00,579.00,561.00,567.00,573.00,555.00,537.00,543.00,549.00
2013-08-19 16:54:00,579.00,561.00,567.00,573.00,555.00,537.00,543.00,549.00
2013-08-19 17:24:00,579.00,561.00,567.00,573.00,555.00,537.00,543.00,549.00
2013-08-19 17:54:00,579.00,561.00,567.00,573.00,555.00,537.00,543.00,549.00
2013-08-19 18:24:00,579.00,561.00,567.00,573.00,555.00,537.00,543.00,549.00
2013-08-19 18:54:00,579.00,561.00,567.00,573.00,555.00,537.00,543.00,549.00
2013-08-19 19:24:00,579.00,561.00,567.00,573.00,555.00,537.00,543.00,549.00
2013-08-19 19:54:00,579.00,561.00,567.00,573.00,555.00,537.00,543.00,549.00
2013-08-19 20:24:00,579.00,561.00,567.00,573.00,555.00,537.00,543.00,549.00
2013-08-19 20:54:00,579.00,561.00,567.00,573.00,555.00,537.00,543.00,549.00
2013-08-19 21:24:00,579.00,561.00,567.00,573.00,555.00,537.00,543.00,549.00
2013-08-19 21:54:00,579.00,561.00,567.00,573.00,555.00,537.00,543.00,549.00
2013-08-19 22:24:00,579.00,561.00,567.00,573.00,555.00,537.00,543.00,549.00
2013-08-19 22:54:00,579.00,561.00,567.00,573.00,555.00,537.00,543.00,549.00
2013-08-19 23:24:00,579.00,561.00,567.00,573.00,555.00,537.00,543.00,549.00
2013-08-19 23:54:00,579.00,561.00,567.00,573.00,555.00,537.00,543.00,549.00
2013-08-20 00:24:00,579.00,561.00,567.00,573.00,555.00,537.00,543.00,549.00
2013-08-20 00:54:00,579.00,561.00,567.00,573.00,555.00,537.00,543.00,549.00
2013-08-20 01:24:00,579.00,561.00,567.00,573.00,555.00,537.00,543.00,549.00
2013-08-20 01:54:00,579.00,561.00,567.00,573.00,555.00,537.00,543.00,549.00
2013-08-20 02:24:00,579.00,561.00,567.00,573.00,555.00,537.00,543.00,549.00
2013-08-20 02:54:00,579.00,561.00,567.00,573.00,555.00,537.00,543.00,549.00
2013-08-20 03:24:00,579.00,561.00,567.00,573.00,555.00,537.00,543.00,549.00
2013-08-20 03:54:00,579.00,561.00,567.00,573.00,555.00,537.00,543.00,549.00
2013-08-20 04:24:00,579.00,561.00,567.00,573.00,555.00,537.00,543.00,549.00
2013-08-20 04:54:00,579.00,561.00,567.00,573.00,555.00,537.00,543.00,549.00
2013-08-20 05:24:00,579.00,561.00,567.00,573.00,555.00,537.00,543.00,549.00
2013-08-20 05:54:00,579.00,561.00,567.00,573.00,555.00,537.00,543.00,549.00
2013-08-20 06:24:00,579.00,561.00,567.00,573.00,555.00,537.00,543.00,549.00
2013-08-20 06:54:00,579.00,561.00,567.00,573.00,555.00,537.00,543.00,549.00
2013-08-20 07:24:00,579.00,561.00,567.00,573.00,555.00,537.00,543.00,549.00
2013-08-20 07:54:00,579.00,561.00,567.00,573.00,555.00,537.00,543.00,549.00
2013-08-20 08:24:00,579.00,561.00,567.00,573.00,555.00,537.00,543.00,549.00
2013-08-20 08:54:00,579.00,561.00,567.00,573.00,555.00,537.00,543.00,549.00
2013-08-20 09:24:00,579.00,561.00,567.00,573.00,555.00,537.00,543.00,549.00
2013-08-20 09:54:00,579.00,561.00,567.00,573.00,555.00,537.00,543.00,549.00
2013-08-20 10:24:00,579.00,561.00,567.00,573.00,555.00,537.00,543.00,549.00
2013-08-20 10:54:00,579.00,561.00,567.00,573.00,555.00,537.00,543.00,549.00
2013-08-20 11:24:00,579.00,561.00,567.00,573.00,555.00,537.00,543.00,549.00
2013-08-20 11:54:00,579.00,561.00,567.00,573.00,555.00,537.00,543.00,549.00
2013-08-20 12:24:00,579.00,561.00,567.00,573.00,555.00,537.00,543.00,549.00
2013-08-20 12:54:00,579.00,561.00,567.00,573.00,555.00,537.00,543.00,549.00
2013-08-20 13:24:00,579.00,561.00,567.00,573.00,555.00,537.00,543.00,549.00
2013-08-20 13:54:00,579.00,561.00,567.00,573.00,555.00,537.00,543.00,549.00
2013-08-20 14:24:00,579.00,561.00,567.00,573.00,555.00,537.00,543.00,549.00
2013-08-20 14:54:00,579.00,561.00,567.00,573.00,555.00,537.00,543.00,549.00
2013-08-20 15:24:00,579.00,561.00,567.00,573.00,555.00,537.00,543.00,549.00
2013-08-20 15:54:00,579.00,561.00,567.00,573.00,555.00,537.00,543.00,549.00
2013-08-20 16:24:00,579.00,561.00,567.00,573.00,555.00,537.00,543.00,549.00
2013-08-20 16:54:00,579.00,561.00,567.00,573.00,555.00,537.00,543.00,549.00
2013-08-20 17:24:00,579.00,561.00,567.00,573.00,555.00,537.00,543.00,549.00
2013-08-20 17:54:00,579.00,561.00,567.00,573.00,555.00,537.00,543.00,549.00
2013-08-20 18:24:00,579.00,561.00,567.00,573.00,555.00,537.00,543.00,549.00
2013-08-20 18:54:00,579.00,561.00,567.00,573.00,555.00,537.00,543.00,549.00
2013-08-20 19:24:00,579.00,561.00,567.00,573.00,555.00,537.00,543.00,549.00
2013-08-20 19:54:00,579.00,561.00,567.00,573.00,555.00,537.00,543.00,549.00
2013-08-20 20:24:00,579.00,561.00,567.00,573.00,555.00,537.00,543.00,549.00
2013-08-20 20:54:00,579.00,561.00,567.00,573.00,555.00,537.00,543.00,549.00
2013-08-20 21:24:00,579.00,561.00,567.00,573.00,555.00,537.00,543.00,549.00
2013-08-20 21:54:00,579.00,561.00,567.00,573.00,555.00,537.00,543.00,549.00
2013-08-20 22:24:00,579.00,561.00,567.00,573.00,555.00,537.00,543.00,549.00
2013-08-20 22:54:00,579.00,561.00,567.00,573.00,555.00,537.00,543.00,549.00
2013-08-20 23:24:00,579.00,561.00,567.00,573.00,555.00,537.00,543.00,549.00
2013-08-20 23:54:00,579.00,561.00,567.00,573.00,555.00,537.00,543.00,549.00
2013-08-21 00:24:00,579.00,561.00,567.00,573.00,555.00,537.00,543.00,549.00
2013-08-21 00:54:00,579.00,561.00,567.00,573.00,555.00,537.00,543.00,549.00
2013-08-21 01:24:00,579.00,561.00,567.00,573.00,555.00,537.00,543.00,549.00
2013-08-21 01:54:00,579.00,561.00,567.00,573.00,555.00,537.00,543.00,549.00
2013-08-21 02:24:00,579.00,561.00,567.00,573.00,555.00,537.00,543.00,549.00
2013-08-21 02:54:00,579.00,561.00,567.00,573.00,555.00,537.00,543.00,549.00
2013-08-21 03:24:00,579.00,561.00,567.00,573.00,555.00,537.00,543.00,549.00
2013-08-21 03:54:00,579.00,561.00,567.00,573.00,555.00,537.00,543.00,549.00
2013-08-21 04:24:00,579.00,561.00,567.00,573.00,555.00,537.00,543.00,549.00
2013-08-21 04:54:00,579.00,561.00,567.00,573.00,555.00,537.00,543.00,549.00
2013-08-21 05:24:00,579.00,561.00,567.00,573.00,555.00,537.00,543.00,549.00
2013-08-21 05:54:00,579.00,561.00,567.00,573.00,555.00,537.00,543.00,549.00
2013-08-21 06:24:00,579.00,561.00,567.00,573.00,555.00,537.00,543.00,549.00
2013-08-21 06:54:00,579.00,561.00,567.00,573.00,555.00,537.00,543.00,549.00
2013-08-21 07:24:00,579.00,561.00,567.00,573.00,555.00,537.00,543.00,549.00
2013-08-21 07:54:00,579.00,561.00,567.00,573.00,555.00,537.00,543.00,549.00
2013-08-21 08:24:00,579.00,561.00,567.00,573.00,555.00,537.00,543.00,549.00
2013-08-21 08:54:00,579.00,561.00,567.00,573.00,555.00,537.00,543.00,549.00
2013-08-21 09:24:00,579.00,561.00,567.00,573.00,555.00,537.00,543.00,549.00
2013-08-21 09:54:00,579.00,561.00,567.00,573.00,555.00,537.00,543.00,549.00
2013-08-21 10:24:00,579.00,561.00,567.00,573.00,555.00,537.00,543.00,549.00
2013-08-21 10:54:00,579.00,561.00,567.00,573.00,555.00,537.00,543.00,549.00
2013-08-21 11:24:00,579.00,561.00,567.00,573.00,555.00,537.00,543.00,549.00
2013-08-21 11:54:00,579.00,561.00,567.00,573.00,555.00,537.00,543.00,549.00
2013-08-21 12:24:00,579.00,561.00,567.00,573.00,555.00,537.00,543.00,549.00
2013-08-21 12:54:00,579.00,561.00,567.00,573.00,555.00,537.00,543.00,549.00
2013-08-21 13:24:00,579.00,561.00,567.00,573.00,555.00,537.00,543.00,549.00
2013-08-21 13:54:00,579.00,561.00,567.00,573.00,555.00,537.00,543.00,549.00
2013-08-21 14:24:00,579.00,561.00,567.00,573.00,555.00,537.00,543.00,549.00
2013-08-21 14:54:00,579.00,561.00,567.00,573.00,555.00,537.00,543.00,549.00
2013-08-21 15:24:00,579.00,561.00,567.00,573.00,555.00,537.00,543.00,549.00
2013-08-21 15:54:00,579.00,561.00,567.00,573.00,555.00,537.00,543.00,549.00
2013-08-21 16:24:00,579.00,561.00,567.00,573.00,555.00,537.00,543.00,549.00
2013-08-21 16:54:00,579.00,561.00,567.00,573.00,555.00,537.00,543.00,549.00
2013-08-21 17:24:00,579.00,561.00,567.00,573.00,555.00,537.00,543.00,549.00
2013-08-21 17:54:00,579.00,561.00,567.00,573.00,555.00,537.00,543.00,549.00
2013-08-21 18:24:00,579.00,561.00,567.00,573.00,555.00,537.00,543.00,549.00
2013-08-21 18:54:00,579.00,561.00,567.00,573.00,555.00,537.00,543.00,549.00
2013-08-21 19:24:00,579.00,561.00,567.00,573.00,555.00,537.00,543.00,549.00
2013-08-21 19:54:00,579.00,561.00,567.00,573.00,555.00,537.00,543.00,549.00
2013-08-21 20:24:00,579.00,561.00,567.00,573.00,555.00,537.00,543.00,549.00
2013-08-21 20:54:00,579.00,561.00,567.00,573.00,555.00,537.00,543.00,549.00
2013-08-21 21:24:00,579.00,561.00,567.00,573.00,555.00,537.00,543.00,549.00
2013-08-21 21:54:00,579.00,561.00,567.00,573.00,555.00,537.00,543.00,549.00
2013-08-21 22:24:00,579.00,561.00,567.00,573.00,555.00,537.00,543.00,549.00
2013-08-21 22:54:00,579.00,561.00,567.00,573.00,555.00,537.00,543.00,549.00
2013-08-21 23:24:00,579.00,561.00,567.00,573.00,555.00,537.00,543.00,549.00
2013-08-21 23:54:00,579.00,561.00,567.00,573.00,555.00,537.00,543.00,549.00
2013-08-22 00:24:00,579.00,561.00,567.00,573.00,555.00,537.00,543.00,549.00
2013-08-22 00:54:00,579.00,561.00,567.00,573.00,555.00,537.00,543.00,549.00
2013-08-22 01:24:00,579.00,561.00,567.00,573.00,555.00,537.00,543.00,549.00
2013-08-22 01:54:00,579.00,561.00,567.00,573.00,555.00,537.00,543.00,549.00
2013-08-22 02:24:00,579.00,561.00,567.00,573.00,555.00,537.00,543.00,549.00
2013-08-22 02:54:00,579.00,561.00,567.00,573.00,555.00,537.00,543.00,549.00
2013-08-22 03:24:00,579.00,561.00,567.00,573.00,555.00,537.00,543.00,549.00
2013-08-22 03:54:00,579.00,561.00,567.00,573.00,555.00,537.00,543.00,549.00
2013-08-22 04:24:00,579.00,561.00,567.00,573.00,555.00,537.00,543.00,549.00
2013-08-22 04:54:00,579.00,561.00,567.00,573.00,555.00,537.00,543.00,549.00
2013-08-22 05:24:00,579.00,561.00,567.00,573.00,555.00,537.00,543.00,549.00
2013-08-22 05:54:00,579.00,561.00,567.00,573.00,555.00,537.00,543.00,549.00
2013-08-22 06:24:00,579.00,561.00,567.00,573.00,555.00,537.00,543.00,549.00
2013-08-22 06:54:00,579.00,561.00,567.00,573.00,555.00,537.00,543.00,549.00
2013-08-22 07:24:00,579.00,561.00,567.00,573.00,555.00,537.00,543.00,549.00
2013-08-22 07:54:00,579.00,561.00,567.00,573.00,555.00,537.00,543.00,549.00
2013-08-22 08:24:00,579.00,561.00,567.00,573.00,555.00,537.00,543.00,549.00
2013-08-22 08:54:00,579.00,561.00,567.00,573.00,555.00,537.00,543.00,549.00
2013-08-22 09:24:00,579.00,561.00,567.00,573.00,555.00,537.00,543.00,549.00
2013-08-22 09:54:00,579.00,561.00,567.00,573.00,555.00,537.00,543.00,549.00
2013-08-22 10:24:00,579.00,561.00,567.00,573.00,555.00,537.00,543.00,549.00
2013-08-22 10:54:00,579.00,561.00,567.00,573.00,555.00,537.00,543.00,549.00
2013-08-22 11:24:00,579.00,561.00,567.00,573.00,555.00,537.00,543.00,549.00
2013-08-22 11:54:00,579.00,561.00,567.00,573.00,555.00,537.00,543.00,549.00
2013-08-22 12:24:00,579.00,561.00,567.00,573.00,555.00,537.00,543.00,549.00
2013-08-22 12:54:00,579.00,561.00,567.00,573.00,555.00,537.00,543.00,549.00
2013-08-22 13:24:00,579.00,561.00,567.00,573.00,555.00,537.00,543.00,549.00
2013-08-22 13:54:00,579.00,561.00,567.00,573.00,555.00,537.00,543.00,549.00
2013-08-22 14:24:00,579.00,561.00,567.00,573.00,555.00,537.00,543.00,549.00
2013-08-22 14:54:00,579.00,561.00,567.00,573.00,555.00,537.00,543.00,549.00
2013-08-22 15:24:00,579.00,561.00,567.00,573.00,555.00,537.00,543.00,549.00
2013-08-22 15:54:00,579.00,561.00,567.00,573.00,555.00,537.00,543.00,549.00
2013-08-22 16:24:00,579.00,561.00,567.00,573.00,555.00,537.00,543.00,549.00
2013-08-22 16:54:00,579.00,561.00,567.00,573.00,555.00,537.00,543.00,549.00
2013-08-22 17:24:00,579.00,561.00,567.00,573.00,555.00,537.00,543.00,549.00
2013-08-22 17:54:00,579.00,561.00,567.00,573.00,555.00,537.00,543.00,549.00
2013-08-22 18:24:00,579.00,561.00,567.00,573.00,555.00,537.00,543.00,549.00
2013-08-22 18:54:00,579.00,561.00,567.00,573.00,555.00,537.00,543.00,549.00
2013-08-22 19:24:00,579.00,561.00,567.00,573.00,555.00,537.00,543.00,549.00
2013-08-22 19:54:00,579.00,561.00,567.00,573.00,555.00,537.00,543.00,549.00
2013-08-22 20:24:00,579.00,561.00,567.00,573.00,555.00,537.00,543.00,549.00
2013-08-22 20:54:00,579.00,561.00,567.00,573.00,555.00,537.00,543.00,549.00
2013-08-22 21:24:00,579.00,561.00,567.00,573.00,555.00,537.00,543.00,549.00
2013-08-22 21:54:00,579.00,561.00,567.00,573.00,555.00,537.00,543.00,549.00
2013-08-22 22:24:00,579.00,561.00,567.00,573.00,555.00,537.00,543.00,549.00
2013-08-22 22:54:00,579.00,561.00,567.00,573.00,555.00,537.00,543.00,549.00
2013-08-22 23:24:00,579.00,561.00,567.00,573.00,555.00,537.00,543.00,549.00
2013-08-22 23:54:00,579.00,561.00,567.00,573.00,555.00,537.00,543.00,549.00
2013-08-23 00:24:00,579.00,561.00,567.00,573.00,555.00,537.00,543.00,549.00
2013-08-23 00:54:00,579.00,561.00,567.00,573.00,555.00,537.00,543.00,549.00
2013-08-23 01:24:00,579.00,561.00,567.00,573.00,555.00,537.00,543.00,549.00
2013-08-23 01:54:00,579.00,561.00,567.00,573.00,555.00,537.00,543.00,549.00
2013-08-23 02:24:00,579.00,561.00,567.00,573.00,555.00,537.00,543.00,549.00
2013-08-23 02:54:00,579.00,561.00,567.00,573.00,555.00,537.00,543.00,549.00
2013-08-23 03:24:00,579.00,561.00,567.00,573.00,555.00,537.00,543.00,549.00
2013-08-23 03:54:00,579.00,561.00,567.00,573.00,555.00,537.00,543.00,549.00
2013-08-23 04:24:00,579.00,561.00,567.00,573.00,555.00,537.00,543.00,549.00
2013-08-23 04:54:00,579.00,561.00,567.00,573.00,555.00,537.00,543.00,549.00
2013-08-23 05:24:00,579.00,561.00,567.00,573.00,555.00,537.00,543.00,549.00
2013-08-23 05:54:00,579.00,561.00,567.00,573.00,555.00,537.00,543.00,549.00
2013-08-23 06:24:00,579.00,561.00,567.00,573.00,555.00,537.00,543.00,549.00
2013-08-23 06:54:00,579.00,561.00,567.00,573.00,555.00,537.00,543.00,549.00
2013-08-23 07:24:00,579.00,561.00,567.00,573.00,555.00,537.00,543.00,549.00
2013-08-23 07:54:00,579.00,561.00,567.00,573.00,555.00,537.00,543.00,549.00
2013-08-23 08:24:00,579.00,561.00,567.00,573.00,555.00,537.00,543.00,549.00
2013-08-23 08:54:00,579.00,561.00,567.00,573.00,555.00,537.00,543.00,549.00
2013-08-23 09:24:00,579.00,561.00,567.00,573.00,555.00,537.00,543.00,549.00
2013-08-23 09:54:00,579.00,561.00,567.00,573.00,555.00,537.00,543.00,549.00
2013-08-23 10:24:00,579.00,561.00,567.00,573.00,555.00,537.00,543.00,549.00
2013-08-23 10:54:00,579.00,561.00,567.00,573.00,555.00,537.00,543.00,549.00
2013-08-23 11:24:00,579.00,561.00,567.00,573.00,555.00,537.00,543.00,549.00
2013-08-23 11:54:00,579.00,561.00,567.00,573.00,555.00,537.00,543.00,549.00
2013-08-23 12:24:00,579.00,561.00,567.00,573.00,555.00,537.00,543.00,549.00
2013-08-23 12:54:00,579.00,561.00,567.00,573.00,555.00,537.00,543.00,549.00
2013-08-23 13:24:00,579.00,561.00,567.00,573.00,555.00,537.00,543.00,549.00
2013-08-23 13:54:00,579.00,561.00,567.00,573.00,555.00,537.00,543.00,549.00
2013-08-23 14:24:00,579.00,561.00,567.00,573.00,555.00,537.00,543.00,549.00
2013-08-23 14:54:00,579.00,561.00,567.00,573.00,555.00,537.00,543.00,549.00
2013-08-23 15:24:00,579.00,561.00,567.00,573.00,555.00,537.00,543.00,549.00
2013-08-23 15:54:00,579.00,561.00,567.00,573.00,555.00,537.00,543.00,549.00
2013-08-23 16:24:00,579.00,561.00,567.00,573.00,555.00,537.00,543.00,549.00
2013-08-23 16:54:00,579.00,561.00,567.00,573.00,555.00,537.00,543.00,549.00
2013-08-23 17:24:00,579.00,561.00,567.00,573.00,555.00,537.00,543.00,549.00
2013-08-23 17:54:00,579.00,561.00,567.00,573.00,555.00,537.00,543.00,549.00
2013-08-23 18:24:00,579.00,561.00,567.00,573.00,555.00,537.00,543.00,549.00
2013-08-23 18:54:00,579.00,561.00,567.00,573.00,555.00,537.00,543.00,549.00
2013-08-23 19:24:00,579.00,561.00,567.00,573.00,555.00,537.00,543.00,549.00
2013-08-23 19:54:00,579.00,561.00,567.00,573.00,555.00,537.00,543.00,549.00
2013-08-23 20:24:00,579.00,561.00,567.00,573.00,555.00,537.00,543.00,549.00
2013-08-23 20:54:00,579.00,561.00,567.00,573.00,555.00,537.00,543.00,549.00
2013-08-23 21:24:00,579.00,561.00,567.00,573.00,555.00,537.00,543.00,549.00
2013-08-23 21:54:00,579.00,561.00,567.00,573.00,555.00,537.00,543.00,549.00
2013-08-23 22:24:00,579.00,561.00,567.00,573.00,555.00,537.00,543.00,549.00
2013-08-23 22:54:00,579.00,561.00,567.00,573.00,555.00,537.00,543.00,549.00
2013-08-23 23:24:00,579.00,561.00,567.00,573.00,555.00,537.00,543.00,549.00
2013-08-23 23:54:00,579.00,561.00,567.00,573.00,555.00,537.00,543.00,549.00
2013-08-24 00:24:00,579.00,561.00,567.00,573.00,555.00,537.00,543.00,549.00
2013-08-24 00:54:00,579.00,561.00,567.00,573.00,555.00,537.00,543.00,549.00
2013-08-24 01:24:00,579.00,561.00,567.00,573.00,555.00,537.00,543.00,549.00
2013-08-24 01:54:00,579.00,561.00,567.00,573.00,555.00,537.00,543.00,549.00
2013-08-24 02:24:00,579.00,561.00,567.00,573.00,555.00,537.00,543.00,549.00
2013-08-24 02:54:00,579.00,561.00,567.00,573.00,555.00,537.00,543.00,549.00
2013-08-24 03:24:00,579.00,561.00,567.00,573.00,555.00,537.00,543.00,549.00
2013-08-24 03:54:00,579.00,561.00,567.00,573.00,555.00,537.00,543.00,549.00
2013-08-24 04:24:00,579.00,561.00,567.00,573.00,555.00,537.00,543.00,549.00
2013-08-24 04:54:00,579.00,561.00,567.00,573.00,555.00,537.00,543.00,549.00
2013-08-24 05:24:00,579.00,561.00,567.00,573.00,555.00,537.00,543.00,549.00
2013-08-24 05:54:00,579.00,561.00,567.00,573.00,555.00,537.00,543.00,549.00
2013-08-24 06:24:00,579.00,561.00,567.00,573.00,555.00,537.00,543.00,549.00
2013-08-24 06:54:00,579.00,561.00,567.00,573.00,555.00,537.00,543.00,549.00
2013-08-24 07:24:00,579.00,561.00,567.00,573.00,555.00,537.00,543.00,549.00
2013-08-24 07:54:00,579.00,561.00,567.00,573.00,555.00,537.00,543.00,549.00
2013-08-24 08:24:00,579.00,561.00,567.00,573.00,555.00,537.00,543.00,549.00
2013-08-24 08:54:00,579.00,561.00,567.00,573.00,555.00,537.00,543.00,549.00
2013-08-24 09:24:00,579.00,561.00,567.00,573.00,555.00,537.00,543.00,549.00
2013-08-24 09:54:00,579.00,561.00,567.00,573.00,555.00,537.00,543.00,549.00
2013-08-24 10:24:00,579.00,561.00,567.00,573.00,555.00,537.00,543.00,549.00
2013-08-24 10:54:00,579.00,561.00,567.00,573.00,555.00,537.00,543.00,549.00
2013-08-24 11:24:00,579.00,561.00,567.00,573.00,555.00,537.00,543.00,549.00
2013-08-24 11:54:00,579.00,561.00,567.00,573.00,555.00,537.00,543.00,549.00
2013-08-24 12:24:00,579.00,561.00,567.00,573.00,555.00,537.00,543.00,549.00
2013-08-24 12:54:00,579.00,561.00,567.00,573.00,555.00,537.00,543.00,549.00
2013-08-24 13:24:00,579.00,561.00,567.00,573.00,555.00,537.00,543.00,549.00
2013-08-24 13:54:00,579.00,561.00,567.00,573.00,555.00,537.00,543.00,549.00
2013-08-24 14:24:00,579.00,561.00,567.00,573.00,555.00,537.00,543.00,549.00
2013-08-24 14:54:00,579.00,561.00,567.00,573.00,555.00,537.00,543.00,549.00
2013-08-24 15:24:00,579.00,561.00,567.00,573.00,555.00,537.00,543.00,549.00
2013-08-24 15:54:00,579.00,561.00,567.00,573.00,555.00,537.00,543.00,549.00
2013-08-24 16:24:00,579.00,561.00,567.00,573.00,555.00,537.00,543.00,549.00
2013-08-24 16:54:00,579.00,561.00,567.00,573.00,555.00,537.00,543.00,549.00
2013-08-24 17:24:00,579.00,561.00,567.00,573.00,555.00,537.00,543.00,549.00
2013-08-24 17:54:00,579.00,561.00,567.00,573.00,555.00,537.00,543.00,549.00
2013-08-24 18:24:00,579.00,561.00,567.00,573.00,555.00,537.00,543.00,549.00
2013-08-24 18:54:00,579.00,561.00,567.00,573.00,555.00,537.00,543.00,549.00
2013-08-24 19:24:00,579.00,561.00,567.00,573.00,555.00,537.00,543.00,549.00
2013-08-24 19:54:00,579.00,561.00,567.00,573.00,555.00,537.00,543.00,549.00
2013-08-24 20:24:00,579.00,561.00,567.00,573.00,555.00,537.00,543.00,549.00
2013-08-24 20:54:00,579.00,561.00,567.00,573.00,555.00,537.00,543.00,549.00
2013-08-24 21:24:00,579.00,561.00,567.00,573.00,555.00,537.00,543.00,549.00
2013-08-24 21:54:00,579.00,561.00,567.00,573.00,555.00,537.00,543.00,549.00
2013-08-24 22:24:00,579.00,561.00,567.00,573.00,555.00,537.00,543.00,549.00
2013-08-24 22:54:00,579.00,561.00,567.00,573.00,555.00,537.00,543.00,549.00
2013-08-24 23:24:00,579.00,561.00,567.00,573.00,555.00,537.00,543.00,549.00
2013-08-24 23:54:00,579.00,561.00,567.00,573.00,555.00,537.00,543.00,549.00
2013-08-25 00:24:00,579.00,561.00,567.00,573.00,555.00,537.00,543.00,549.00
2013-08-25 00:54:00,579.00,561.00,567.00,573.00,555.00,537.00,543.00,549.00
2013-08-25 01:24:00,579.00,561.00,567.00,573.00,555.00,537.00,543.00,549.00
2013-08-25 01:54:00,579.00,561.00,567.00,573.00,555.00,537.00,543.00,549.00
2013-08-25 02:54:00,579.00,561.00,567.00,573.00,555.00,537.00,543.00,549.00
2013-08-25 03:24:00,579.00,561.00,567.00,573.00,555.00,537.00,543.00,549.00
2013-08-25 03:54:00,579.00,561.00,567.00,573.00,555.00,537.00,543.00,549.00
2013-08-25 04:24:00,579.00,561.00,567.00,573.00,555.00,537.00,543.00,549.00
2013-08-25 04:54:00,579.00,561.00,567.00,573.00,555.00,537.00,543.00,549.00
2013-08-25 05:24:00,579.00,561.00,567.00,573.00,555.00,537.00,543.00,549.00
2013-08-25 05:54:00,579.00,561.00,567.00,573.00,555.00,537.00,543.00,549.00
2013-08-25 06:24:00,579.00,561.00,567.00,573.00,555.00,537.00,543.00,549.00
2013-08-25 06:54:00,579.00,561.00,567.00,573.00,555.00,537.00,543.00,549.00
2013-08-25 07:24:00,579.00,561.00,567.00,573.00,555.00,537.00,543.00,549.00
2013-08-25 07:45:24,579.00,561.00,567.00,573.00,555.00,537.00,543.00,549.00
2013-08-25 07:54:01,579.00,561.00,567.00,573.00,555.00,537.00,543.00,549.00
2013-08-25 07:54:33,579.00,561.00,567.00,573.00,555.00,537.00,543.00,549.00
